country,date,value
AGO,01/10/2015,719.7619048
AGO,01/11/2015,633.5263158
AGO,01/12/2015,811
AGO,01/01/2016,1005.263158
AGO,01/02/2016,1078.8
AGO,01/03/2016,922.5
AGO,01/04/2016,832.6190476
AGO,01/05/2016,781.952381
AGO,01/06/2016,800.8181818
AGO,01/07/2016,858.2
AGO,01/08/2016,801.9565217
AGO,01/09/2016,767.5714286
AGO,01/10/2016,767.55
AGO,01/11/2016,835.2
AGO,01/12/2016,771.8571429
AGO,01/01/2017,729.85
AGO,01/02/2017,696.8947368
AGO,01/03/2017,639.9130435
AGO,01/04/2017,647.7368421
AGO,01/05/2017,615.2272727
AGO,01/06/2017,608.5909091
AGO,01/07/2017,626.75
AGO,01/08/2017,597.1304348
AGO,01/09/2017,588.85
AGO,01/10/2017,568.7619048
AGO,01/11/2017,537.5238095
AGO,01/12/2017,467.85
AGO,01/01/2018,409.3809524
AGO,01/02/2018,431.8421053
AGO,01/03/2018,464.952381
AGO,01/04/2018,422.4285714
AGO,01/05/2018,451.3181818
AGO,01/06/2018,542.9047619
ARG,01/10/2015,555.047619
ARG,01/11/2015,486.0526316
ARG,01/12/2015,478.1363636
ARG,01/01/2016,485.8947368
ARG,01/02/2016,470.95
ARG,01/03/2016,450.0909091
ARG,01/04/2016,434.2380952
ARG,01/05/2016,545.8571429
ARG,01/06/2016,500.1363636
ARG,01/07/2016,488.45
ARG,01/08/2016,461.3478261
ARG,01/09/2016,448.047619
ARG,01/10/2016,449.6
ARG,01/11/2016,478.75
ARG,01/12/2016,494.0952381
ARG,01/01/2017,467.3
ARG,01/02/2017,453.9473684
ARG,01/03/2017,444.0434783
ARG,01/04/2017,422.5263158
ARG,01/05/2017,403.0909091
ARG,01/06/2017,410.0454545
ARG,01/07/2017,436.15
ARG,01/08/2017,428.3913043
ARG,01/09/2017,388.45
ARG,01/10/2017,362.3809524
ARG,01/11/2017,370.4285714
ARG,01/12/2017,356.2
ARG,01/01/2018,364.6190476
ARG,01/02/2018,400.6315789
ARG,01/03/2018,412.1428571
ARG,01/04/2018,408.5714286
ARG,01/05/2018,469.5454545
ARG,01/06/2018,529.1428571
AZE,01/10/2015,431.1904762
AZE,01/11/2015,426.7894737
AZE,01/12/2015,469.9090909
AZE,01/01/2016,548.4736842
AZE,01/02/2016,593.2
AZE,01/03/2016,510
AZE,01/04/2016,490
AZE,01/05/2016,452.3809524
AZE,01/06/2016,430.1818182
AZE,01/07/2016,393.15
AZE,01/08/2016,365.4347826
AZE,01/09/2016,356.6666667
AZE,01/10/2016,332.2
AZE,01/11/2016,355.95
AZE,01/12/2016,323.3809524
AZE,01/01/2017,311.4
AZE,01/02/2017,301.3684211
AZE,01/03/2017,308.4782609
AZE,01/04/2017,312.1052632
AZE,01/05/2017,303.0909091
AZE,01/06/2017,327.0909091
AZE,01/07/2017,330.05
AZE,01/08/2017,311.5652174
AZE,01/09/2017,284.85
AZE,01/10/2017,257.6190476
AZE,01/11/2017,265.047619
AZE,01/12/2017,245.7
AZE,01/01/2018,208.8095238
AZE,01/02/2018,214.6315789
AZE,01/03/2018,238.047619
AZE,01/04/2018,230.8571429
AZE,01/05/2018,253.6363636
AZE,01/06/2018,256.3809524
BLR,01/10/2015,648.2380952
BLR,01/11/2015,553.0526316
BLR,01/12/2015,563.6363636
BLR,01/01/2016,599.4210526
BLR,01/02/2016,577.05
BLR,01/03/2016,528.4545455
BLR,01/04/2016,499.1428571
BLR,01/05/2016,478.047619
BLR,01/06/2016,494.1363636
BLR,01/07/2016,451.05
BLR,01/08/2016,416.5652174
BLR,01/09/2016,391.2380952
BLR,01/10/2016,346.75
BLR,01/11/2016,358.7
BLR,01/12/2016,354.65
BLR,01/01/2017,..
BLR,01/02/2017,..
BLR,01/03/2017,..
BLR,01/04/2017,..
BLR,01/05/2017,..
BLR,01/06/2017,..
BLR,01/07/2017,398
BLR,01/08/2017,390.6956522
BLR,01/09/2017,362.6
BLR,01/10/2017,344.3333333
BLR,01/11/2017,371.1428571
BLR,01/12/2017,341.8
BLR,01/01/2018,266.6666667
BLR,01/02/2018,275
BLR,01/03/2018,301.1428571
BLR,01/04/2018,324.2857143
BLR,01/05/2018,357.5909091
BLR,01/06/2018,356.047619
BLZ,01/10/2015,808.6190476
BLZ,01/11/2015,794.7368421
BLZ,01/12/2015,814.0909091
BLZ,01/01/2016,884.5789474
BLZ,01/02/2016,1272.65
BLZ,01/03/2016,1443.272727
BLZ,01/04/2016,1397.761905
BLZ,01/05/2016,1197.809524
BLZ,01/06/2016,1264.181818
BLZ,01/07/2016,1284
BLZ,01/08/2016,1294.130435
BLZ,01/09/2016,1290.52381
BLZ,01/10/2016,1286.65
BLZ,01/11/2016,1631.55
BLZ,01/12/2016,1825.714286
BLZ,01/01/2017,1810.1
BLZ,01/02/2017,1774.473684
BLZ,01/03/2017,1118.217391
BLZ,01/04/2017,660.7894737
BLZ,01/05/2017,682.2727273
BLZ,01/06/2017,744.3181818
BLZ,01/07/2017,731.1
BLZ,01/08/2017,739.3478261
BLZ,01/09/2017,710.7
BLZ,01/10/2017,682.6190476
BLZ,01/11/2017,741.1428571
BLZ,01/12/2017,763.8
BLZ,01/01/2018,761.3809524
BLZ,01/02/2018,730
BLZ,01/03/2018,737.2857143
BLZ,01/04/2018,744.7142857
BLZ,01/05/2018,745.2272727
BLZ,01/06/2018,745.9047619
BRA,01/10/2015,448.2380952
BRA,01/11/2015,421
BRA,01/12/2015,511.5909091
BRA,01/01/2016,542.1052632
BRA,01/02/2016,557.55
BRA,01/03/2016,454.8636364
BRA,01/04/2016,417.8095238
BRA,01/05/2016,402.8571429
BRA,01/06/2016,396.9090909
BRA,01/07/2016,348.9
BRA,01/08/2016,315.3478261
BRA,01/09/2016,323.8571429
BRA,01/10/2016,317.35
BRA,01/11/2016,332.4
BRA,01/12/2016,332.7142857
BRA,01/01/2017,299.65
BRA,01/02/2017,278.1578947
BRA,01/03/2017,271.8695652
BRA,01/04/2017,264.5263158
BRA,01/05/2017,265.8636364
BRA,01/06/2017,285.5454545
BRA,01/07/2017,272
BRA,01/08/2017,265.4347826
BRA,01/09/2017,250.65
BRA,01/10/2017,234.6666667
BRA,01/11/2017,241.6190476
BRA,01/12/2017,231.9
BRA,01/01/2018,217.4285714
BRA,01/02/2018,227.3157895
BRA,01/03/2018,233.4761905
BRA,01/04/2018,234.2857143
BRA,01/05/2018,259.8181818
BRA,01/06/2018,318.8095238
CHL,01/10/2015,221.2857143
CHL,01/11/2015,220.5789474
CHL,01/12/2015,249.9545455
CHL,01/01/2016,272.6842105
CHL,01/02/2016,278.8
CHL,01/03/2016,216.6363636
CHL,01/04/2016,200.4761905
CHL,01/05/2016,201.3333333
CHL,01/06/2016,206.1363636
CHL,01/07/2016,177.4
CHL,01/08/2016,164.0869565
CHL,01/09/2016,176.047619
CHL,01/10/2016,172.6
CHL,01/11/2016,178.9
CHL,01/12/2016,161.952381
CHL,01/01/2017,150.05
CHL,01/02/2017,131.7368421
CHL,01/03/2017,132.4347826
CHL,01/04/2017,136.5263158
CHL,01/05/2017,132.8181818
CHL,01/06/2017,131.6363636
CHL,01/07/2017,131.1
CHL,01/08/2017,124.3913043
CHL,01/09/2017,127.15
CHL,01/10/2017,122.1904762
CHL,01/11/2017,125.1428571
CHL,01/12/2017,117.5
CHL,01/01/2018,110.4761905
CHL,01/02/2018,116.9473684
CHL,01/03/2018,123.047619
CHL,01/04/2018,123.952381
CHL,01/05/2018,135.5454545
CHL,01/06/2018,142.1904762
CHN,01/10/2015,185.952381
CHN,01/11/2015,170.3684211
CHN,01/12/2015,170.8636364
CHN,01/01/2016,178.2105263
CHN,01/02/2016,191.6
CHN,01/03/2016,181.7727273
CHN,01/04/2016,175
CHN,01/05/2016,174.5238095
CHN,01/06/2016,177.9545455
CHN,01/07/2016,163.9
CHN,01/08/2016,146.0434783
CHN,01/09/2016,143.8571429
CHN,01/10/2016,155.1
CHN,01/11/2016,157.65
CHN,01/12/2016,157.7142857
CHN,01/01/2017,155.3
CHN,01/02/2017,149.3157895
CHN,01/03/2017,144.4782609
CHN,01/04/2017,147.4210526
CHN,01/05/2017,145.7727273
CHN,01/06/2017,140.5909091
CHN,01/07/2017,138.7
CHN,01/08/2017,145.3913043
CHN,01/09/2017,150.4
CHN,01/10/2017,140.6190476
CHN,01/11/2017,142.7142857
CHN,01/12/2017,146.45
CHN,01/01/2018,149.3333333
CHN,01/02/2018,157.8421053
CHN,01/03/2018,166.2857143
CHN,01/04/2018,179.8571429
CHN,01/05/2018,183.4545455
CHN,01/06/2018,185.4761905
COL,01/10/2015,283.0952381
COL,01/11/2015,280.4736842
COL,01/12/2015,313.5
COL,01/01/2016,368.4736842
COL,01/02/2016,392.3
COL,01/03/2016,309.7727273
COL,01/04/2016,286.8095238
COL,01/05/2016,291.1428571
COL,01/06/2016,280.7727273
COL,01/07/2016,249.5
COL,01/08/2016,234.1304348
COL,01/09/2016,231.4285714
COL,01/10/2016,229.15
COL,01/11/2016,251.35
COL,01/12/2016,227.952381
COL,01/01/2017,210.95
COL,01/02/2017,199
COL,01/03/2017,195.0869565
COL,01/04/2017,196.4736842
COL,01/05/2017,194.4090909
COL,01/06/2017,196.3636364
COL,01/07/2017,200.25
COL,01/08/2017,200.6956522
COL,01/09/2017,189.1
COL,01/10/2017,185.3333333
COL,01/11/2017,186.1428571
COL,01/12/2017,173.5
COL,01/01/2018,159.0952381
COL,01/02/2018,173.2105263
COL,01/03/2018,178.8571429
COL,01/04/2018,173.2857143
COL,01/05/2018,189.8181818
COL,01/06/2018,199.7142857
CRI,01/10/2015,503.6190476
CRI,01/11/2015,495.7894737
CRI,01/12/2015,529.2272727
CRI,01/01/2016,553.9473684
CRI,01/02/2016,582
CRI,01/03/2016,535.9545455
CRI,01/04/2016,502.7142857
CRI,01/05/2016,510.4761905
CRI,01/06/2016,494.4545455
CRI,01/07/2016,444.5
CRI,01/08/2016,419.6521739
CRI,01/09/2016,413.8571429
CRI,01/10/2016,409.2
CRI,01/11/2016,430.8
CRI,01/12/2016,445.9047619
CRI,01/01/2017,422.4
CRI,01/02/2017,397.2105263
CRI,01/03/2017,390.4347826
CRI,01/04/2017,375.1578947
CRI,01/05/2017,370.5
CRI,01/06/2017,371.8636364
CRI,01/07/2017,369.95
CRI,01/08/2017,376.6086957
CRI,01/09/2017,358.9
CRI,01/10/2017,347.2380952
CRI,01/11/2017,361.5714286
CRI,01/12/2017,366.55
CRI,01/01/2018,341.5238095
CRI,01/02/2018,345.6315789
CRI,01/03/2018,339.4761905
CRI,01/04/2018,341.7619048
CRI,01/05/2018,375.2727273
CRI,01/06/2018,383.5714286
CIV,01/10/2015,519.047619
CIV,01/11/2015,495.7368421
CIV,01/12/2015,512.9090909
CIV,01/01/2016,566.7368421
CIV,01/02/2016,600.45
CIV,01/03/2016,526.5454545
CIV,01/04/2016,511.1428571
CIV,01/05/2016,525.1428571
CIV,01/06/2016,525.3181818
CIV,01/07/2016,473.7
CIV,01/08/2016,419.3478261
CIV,01/09/2016,407.9047619
CIV,01/10/2016,395.7
CIV,01/11/2016,424.75
CIV,01/12/2016,423.6666667
CIV,01/01/2017,414.7
CIV,01/02/2017,421.9473684
CIV,01/03/2017,420
CIV,01/04/2017,421.3684211
CIV,01/05/2017,400.0454545
CIV,01/06/2017,396.9545455
CIV,01/07/2017,394.85
CIV,01/08/2017,378.0869565
CIV,01/09/2017,369.2
CIV,01/10/2017,354.1428571
CIV,01/11/2017,353.8095238
CIV,01/12/2017,333.25
CIV,01/01/2018,297
CIV,01/02/2018,321.8947368
CIV,01/03/2018,351.952381
CIV,01/04/2018,333.0952381
CIV,01/05/2018,373.0909091
CIV,01/06/2018,409.2857143
HRV,01/10/2015,301.5238095
HRV,01/11/2015,297.1052632
HRV,01/12/2015,309.2727273
HRV,01/01/2016,311.1578947
HRV,01/02/2016,319.7
HRV,01/03/2016,293.4545455
HRV,01/04/2016,286.9047619
HRV,01/05/2016,288.1904762
HRV,01/06/2016,310.6363636
HRV,01/07/2016,292.7
HRV,01/08/2016,256.3913043
HRV,01/09/2016,227.0952381
HRV,01/10/2016,227.7
HRV,01/11/2016,238.15
HRV,01/12/2016,229.9047619
HRV,01/01/2017,205.95
HRV,01/02/2017,203.7894737
HRV,01/03/2017,189.7391304
HRV,01/04/2017,184.6315789
HRV,01/05/2017,184.2272727
HRV,01/06/2017,159
HRV,01/07/2017,154.85
HRV,01/08/2017,142.826087
HRV,01/09/2017,127.75
HRV,01/10/2017,123.2857143
HRV,01/11/2017,121.2857143
HRV,01/12/2017,104.95
HRV,01/01/2018,97.9047619
HRV,01/02/2018,113.3157895
HRV,01/03/2018,117.4285714
HRV,01/04/2018,109.2380952
HRV,01/05/2018,143.7727273
HRV,01/06/2018,150.7619048
DOM,01/10/2015,417.047619
DOM,01/11/2015,394.3157895
DOM,01/12/2015,429.7727273
DOM,01/01/2016,477.2631579
DOM,01/02/2016,513.85
DOM,01/03/2016,443.9545455
DOM,01/04/2016,420.1904762
DOM,01/05/2016,426.8571429
DOM,01/06/2016,431.6818182
DOM,01/07/2016,392.15
DOM,01/08/2016,355.9565217
DOM,01/09/2016,356.1904762
DOM,01/10/2016,363.25
DOM,01/11/2016,398.3
DOM,01/12/2016,405.3333333
DOM,01/01/2017,376.75
DOM,01/02/2017,354.6842105
DOM,01/03/2017,334.1304348
DOM,01/04/2017,326.2105263
DOM,01/05/2017,321.3181818
DOM,01/06/2017,320.5
DOM,01/07/2017,312.75
DOM,01/08/2017,297.7391304
DOM,01/09/2017,286.75
DOM,01/10/2017,279.5714286
DOM,01/11/2017,284
DOM,01/12/2017,277.85
DOM,01/01/2018,257
DOM,01/02/2018,275
DOM,01/03/2018,281.5238095
DOM,01/04/2018,289.047619
DOM,01/05/2018,318.9545455
DOM,01/06/2018,341.1428571
ECU,01/10/2015,1330.333333
ECU,01/11/2015,1212.894737
ECU,01/12/2015,1232.954545
ECU,01/01/2016,1535.684211
ECU,01/02/2016,1564.05
ECU,01/03/2016,1192.954545
ECU,01/04/2016,1076.619048
ECU,01/05/2016,913
ECU,01/06/2016,893.3181818
ECU,01/07/2016,878
ECU,01/08/2016,866.2173913
ECU,01/09/2016,857.6666667
ECU,01/10/2016,768.7
ECU,01/11/2016,764.15
ECU,01/12/2016,669.1904762
ECU,01/01/2017,609.8
ECU,01/02/2017,606.6842105
ECU,01/03/2017,616.1304348
ECU,01/04/2017,708.3684211
ECU,01/05/2017,665.3181818
ECU,01/06/2017,710.1363636
ECU,01/07/2017,687.35
ECU,01/08/2017,641.173913
ECU,01/09/2017,627.55
ECU,01/10/2017,571.3333333
ECU,01/11/2017,541.0952381
ECU,01/12/2017,469.6
ECU,01/01/2018,451.0952381
ECU,01/02/2018,493.5789474
ECU,01/03/2018,546.047619
ECU,01/04/2018,593.9047619
ECU,01/05/2018,687.3636364
ECU,01/06/2018,714.7619048
EGY,01/10/2015,455.8095238
EGY,01/11/2015,503.3684211
EGY,01/12/2015,560.8636364
EGY,01/01/2016,591.4210526
EGY,01/02/2016,615.75
EGY,01/03/2016,557.7272727
EGY,01/04/2016,541.4761905
EGY,01/05/2016,576.9047619
EGY,01/06/2016,602.3636364
EGY,01/07/2016,546.3
EGY,01/08/2016,489.7391304
EGY,01/09/2016,485
EGY,01/10/2016,494.8
EGY,01/11/2016,478.1
EGY,01/12/2016,482.1428571
EGY,01/01/2017,462.95
EGY,01/02/2017,422.2631579
EGY,01/03/2017,423.2608696
EGY,01/04/2017,427.6315789
EGY,01/05/2017,428.5909091
EGY,01/06/2017,451.1363636
EGY,01/07/2017,449.05
EGY,01/08/2017,434.6086957
EGY,01/09/2017,417.8
EGY,01/10/2017,409.3333333
EGY,01/11/2017,400.8571429
EGY,01/12/2017,390.25
EGY,01/01/2018,365.4285714
EGY,01/02/2018,369.1052632
EGY,01/03/2018,383.7619048
EGY,01/04/2018,386.6190476
EGY,01/05/2018,423.2272727
EGY,01/06/2018,477.3809524
SLV,01/10/2015,595.1904762
SLV,01/11/2015,580.3684211
SLV,01/12/2015,622.8181818
SLV,01/01/2016,702.7368421
SLV,01/02/2016,777.6
SLV,01/03/2016,657.5909091
SLV,01/04/2016,633.2380952
SLV,01/05/2016,661.0952381
SLV,01/06/2016,670.5909091
SLV,01/07/2016,555.8
SLV,01/08/2016,490.6956522
SLV,01/09/2016,477.7142857
SLV,01/10/2016,499.95
SLV,01/11/2016,526.95
SLV,01/12/2016,544.7619048
SLV,01/01/2017,545.75
SLV,01/02/2017,592.5789474
SLV,01/03/2017,530.0869565
SLV,01/04/2017,578.8421053
SLV,01/05/2017,574.9090909
SLV,01/06/2017,563.5454545
SLV,01/07/2017,558.55
SLV,01/08/2017,548.4782609
SLV,01/09/2017,494.55
SLV,01/10/2017,432.7142857
SLV,01/11/2017,423
SLV,01/12/2017,395.95
SLV,01/01/2018,354.7142857
SLV,01/02/2018,370.4210526
SLV,01/03/2018,361.8571429
SLV,01/04/2018,373.2380952
SLV,01/05/2018,402.0909091
SLV,01/06/2018,431.7619048
GAB,01/10/2015,702.9047619
GAB,01/11/2015,664.8421053
GAB,01/12/2015,768.5454545
GAB,01/01/2016,927.1578947
GAB,01/02/2016,948.15
GAB,01/03/2016,793.1363636
GAB,01/04/2016,756.1428571
GAB,01/05/2016,750.7142857
GAB,01/06/2016,751.9545455
GAB,01/07/2016,693.1
GAB,01/08/2016,622.0869565
GAB,01/09/2016,645
GAB,01/10/2016,631.75
GAB,01/11/2016,666.85
GAB,01/12/2016,587.952381
GAB,01/01/2017,539.1
GAB,01/02/2017,522.7894737
GAB,01/03/2017,472.9130435
GAB,01/04/2017,493.5263158
GAB,01/05/2017,454.8181818
GAB,01/06/2017,472.0454545
GAB,01/07/2017,508.2
GAB,01/08/2017,472.2608696
GAB,01/09/2017,482.5
GAB,01/10/2017,463.7142857
GAB,01/11/2017,447.1428571
GAB,01/12/2017,389.9
GAB,01/01/2018,350.2857143
GAB,01/02/2018,383.7368421
GAB,01/03/2018,418.3809524
GAB,01/04/2018,380.3809524
GAB,01/05/2018,433.9090909
GAB,01/06/2018,524.1904762
GEO,01/10/2015,487.952381
GEO,01/11/2015,424.3157895
GEO,01/12/2015,462.3636364
GEO,01/01/2016,517.2631579
GEO,01/02/2016,513.15
GEO,01/03/2016,451.6818182
GEO,01/04/2016,413.4761905
GEO,01/05/2016,381.7619048
GEO,01/06/2016,379.1363636
GEO,01/07/2016,374.6
GEO,01/08/2016,354.6956522
GEO,01/09/2016,327.047619
GEO,01/10/2016,327.25
GEO,01/11/2016,352.9
GEO,01/12/2016,349.9047619
GEO,01/01/2017,304.95
GEO,01/02/2017,286.8947368
GEO,01/03/2017,275.6521739
GEO,01/04/2017,290.1578947
GEO,01/05/2017,277.9090909
GEO,01/06/2017,273
GEO,01/07/2017,274.7
GEO,01/08/2017,269.6956522
GEO,01/09/2017,234.5
GEO,01/10/2017,217.9047619
GEO,01/11/2017,202.0952381
GEO,01/12/2017,175.65
GEO,01/01/2018,167.5714286
GEO,01/02/2018,180
GEO,01/03/2018,188.047619
GEO,01/04/2018,213.2380952
GEO,01/05/2018,265.0909091
GEO,01/06/2018,269.8571429
GHA,01/10/2015,858.5238095
GHA,01/11/2015,837.3157895
GHA,01/12/2015,952.3181818
GHA,01/01/2016,1196.210526
GHA,01/02/2016,1251.25
GHA,01/03/2016,1043.318182
GHA,01/04/2016,1066.714286
GHA,01/05/2016,978.9047619
GHA,01/06/2016,934.5454545
GHA,01/07/2016,853.85
GHA,01/08/2016,804.5652174
GHA,01/09/2016,781.0952381
GHA,01/10/2016,722.4
GHA,01/11/2016,713.75
GHA,01/12/2016,638.7142857
GHA,01/01/2017,585.5
GHA,01/02/2017,632.2631579
GHA,01/03/2017,618.7391304
GHA,01/04/2017,607.1052632
GHA,01/05/2017,586
GHA,01/06/2017,542.8181818
GHA,01/07/2017,545.25
GHA,01/08/2017,499.9565217
GHA,01/09/2017,468.15
GHA,01/10/2017,423.8095238
GHA,01/11/2017,407.6190476
GHA,01/12/2017,367.15
GHA,01/01/2018,325
GHA,01/02/2018,345.3684211
GHA,01/03/2018,346.8571429
GHA,01/04/2018,321.0952381
GHA,01/05/2018,337.2272727
GHA,01/06/2018,446.3809524
GTM,01/10/2015,293.952381
GTM,01/11/2015,270.2631579
GTM,01/12/2015,283.3181818
GTM,01/01/2016,322.1052632
GTM,01/02/2016,351.95
GTM,01/03/2016,276.9090909
GTM,01/04/2016,244.7619048
GTM,01/05/2016,266.6190476
GTM,01/06/2016,272
GTM,01/07/2016,226.45
GTM,01/08/2016,209.0869565
GTM,01/09/2016,216
GTM,01/10/2016,223.05
GTM,01/11/2016,261.85
GTM,01/12/2016,265.7619048
GTM,01/01/2017,239.45
GTM,01/02/2017,223.9473684
GTM,01/03/2017,201.0434783
GTM,01/04/2017,196.2631579
GTM,01/05/2017,194.0909091
GTM,01/06/2017,203.0909091
GTM,01/07/2017,202.35
GTM,01/08/2017,203.4347826
GTM,01/09/2017,208.4
GTM,01/10/2017,198.8571429
GTM,01/11/2017,195.2380952
GTM,01/12/2017,185.75
GTM,01/01/2018,171.2380952
GTM,01/02/2018,178.6315789
GTM,01/03/2018,181.952381
GTM,01/04/2018,183.8095238
GTM,01/05/2018,205.8636364
GTM,01/06/2018,225.0952381
HUN,01/10/2015,196.7619048
HUN,01/11/2015,180.7894737
HUN,01/12/2015,183.0454545
HUN,01/01/2016,206.2631579
HUN,01/02/2016,230.65
HUN,01/03/2016,207.5909091
HUN,01/04/2016,210.3809524
HUN,01/05/2016,210.0952381
HUN,01/06/2016,218.6363636
HUN,01/07/2016,203.95
HUN,01/08/2016,188.5217391
HUN,01/09/2016,162.8095238
HUN,01/10/2016,161.55
HUN,01/11/2016,156.6
HUN,01/12/2016,158.4285714
HUN,01/01/2017,148.2
HUN,01/02/2017,149.3157895
HUN,01/03/2017,143.6521739
HUN,01/04/2017,134.5789474
HUN,01/05/2017,129.8636364
HUN,01/06/2017,121.3636364
HUN,01/07/2017,119.75
HUN,01/08/2017,110.0869565
HUN,01/09/2017,94.7
HUN,01/10/2017,89.52380952
HUN,01/11/2017,94.42857143
HUN,01/12/2017,86.15
HUN,01/01/2018,84.95238095
HUN,01/02/2018,93.68421053
HUN,01/03/2018,102.1428571
HUN,01/04/2018,105.1904762
HUN,01/05/2018,123.5
HUN,01/06/2018,137.5714286
IND,01/10/2015,163.6666667
IND,01/11/2015,150.0526316
IND,01/12/2015,146.6363636
IND,01/01/2016,165.3157895
IND,01/02/2016,181.7
IND,01/03/2016,166.7727273
IND,01/04/2016,153.2857143
IND,01/05/2016,149.1904762
IND,01/06/2016,159.3636364
IND,01/07/2016,152.55
IND,01/08/2016,141.4347826
IND,01/09/2016,144.3809524
IND,01/10/2016,145.3
IND,01/11/2016,152.4
IND,01/12/2016,150.8571429
IND,01/01/2017,142.85
IND,01/02/2017,131.2631579
IND,01/03/2017,130.0434783
IND,01/04/2017,135.5263158
IND,01/05/2017,134.2727273
IND,01/06/2017,130.1363636
IND,01/07/2017,123.65
IND,01/08/2017,124.3913043
IND,01/09/2017,118.85
IND,01/10/2017,105.2380952
IND,01/11/2017,104.6666667
IND,01/12/2017,102.3
IND,01/01/2018,98.9047619
IND,01/02/2018,106.2631579
IND,01/03/2018,130.1428571
IND,01/04/2018,136.4761905
IND,01/05/2018,152.0454545
IND,01/06/2018,156.4285714
IDN,01/10/2015,311.3809524
IDN,01/11/2015,308
IDN,01/12/2015,333.8181818
IDN,01/01/2016,350.2105263
IDN,01/02/2016,357
IDN,01/03/2016,304.4545455
IDN,01/04/2016,287.6666667
IDN,01/05/2016,277.4761905
IDN,01/06/2016,291.1818182
IDN,01/07/2016,261.25
IDN,01/08/2016,234.173913
IDN,01/09/2016,230.5714286
IDN,01/10/2016,226.85
IDN,01/11/2016,238.95
IDN,01/12/2016,235.952381
IDN,01/01/2017,218.75
IDN,01/02/2017,201.2631579
IDN,01/03/2017,194.173913
IDN,01/04/2017,200.0526316
IDN,01/05/2017,192.5454545
IDN,01/06/2017,192.8636364
IDN,01/07/2017,188.95
IDN,01/08/2017,185.7826087
IDN,01/09/2017,173.25
IDN,01/10/2017,163.2380952
IDN,01/11/2017,172
IDN,01/12/2017,168.6
IDN,01/01/2018,155.2857143
IDN,01/02/2018,162.1578947
IDN,01/03/2018,177.6190476
IDN,01/04/2018,175.9047619
IDN,01/05/2018,195.6818182
IDN,01/06/2018,206
IRQ,01/10/2015,897.1428571
IRQ,01/11/2015,853.6315789
IRQ,01/12/2015,966.6363636
IRQ,01/01/2016,1155.263158
IRQ,01/02/2016,1222.9
IRQ,01/03/2016,1078.590909
IRQ,01/04/2016,1015.619048
IRQ,01/05/2016,1011.095238
IRQ,01/06/2016,898.2272727
IRQ,01/07/2016,879.65
IRQ,01/08/2016,813.0869565
IRQ,01/09/2016,765.5238095
IRQ,01/10/2016,759.15
IRQ,01/11/2016,791.65
IRQ,01/12/2016,694.0952381
IRQ,01/01/2017,672.3
IRQ,01/02/2017,635.5263158
IRQ,01/03/2017,575.6086957
IRQ,01/04/2017,596.5263158
IRQ,01/05/2017,557.6818182
IRQ,01/06/2017,566
IRQ,01/07/2017,577.7
IRQ,01/08/2017,492.1304348
IRQ,01/09/2017,496.35
IRQ,01/10/2017,498.3333333
IRQ,01/11/2017,457.0952381
IRQ,01/12/2017,414.3
IRQ,01/01/2018,351.2380952
IRQ,01/02/2018,358.1578947
IRQ,01/03/2018,385.7619048
IRQ,01/04/2018,380.4761905
IRQ,01/05/2018,420.1363636
IRQ,01/06/2018,471.6666667
JAM,01/10/2015,461.2380952
JAM,01/11/2015,437.6842105
JAM,01/12/2015,460.7727273
JAM,01/01/2016,494.3684211
JAM,01/02/2016,514.4
JAM,01/03/2016,484.7727273
JAM,01/04/2016,453.952381
JAM,01/05/2016,455.1428571
JAM,01/06/2016,463.5
JAM,01/07/2016,435.1
JAM,01/08/2016,412.8695652
JAM,01/09/2016,398
JAM,01/10/2016,385
JAM,01/11/2016,400.5
JAM,01/12/2016,375.8571429
JAM,01/01/2017,371.7
JAM,01/02/2017,353.1578947
JAM,01/03/2017,345.0869565
JAM,01/04/2017,354.3684211
JAM,01/05/2017,338.0909091
JAM,01/06/2017,339.8181818
JAM,01/07/2017,332.25
JAM,01/08/2017,329.0869565
JAM,01/09/2017,303.5
JAM,01/10/2017,287.7142857
JAM,01/11/2017,292.6190476
JAM,01/12/2017,301.6
JAM,01/01/2018,278.4761905
JAM,01/02/2018,276.6315789
JAM,01/03/2018,281.6666667
JAM,01/04/2018,283.6666667
JAM,01/05/2018,312.2727273
JAM,01/06/2018,327.4285714
KAZ,01/10/2015,438.1428571
KAZ,01/11/2015,372
KAZ,01/12/2015,371.1818182
KAZ,01/01/2016,431.6842105
KAZ,01/02/2016,463.3
KAZ,01/03/2016,403.8181818
KAZ,01/04/2016,381.2857143
KAZ,01/05/2016,362.8095238
KAZ,01/06/2016,340.8181818
KAZ,01/07/2016,316.6
KAZ,01/08/2016,294.3043478
KAZ,01/09/2016,279.0952381
KAZ,01/10/2016,272.1
KAZ,01/11/2016,288.5
KAZ,01/12/2016,261.0952381
KAZ,01/01/2017,239.85
KAZ,01/02/2017,236.8947368
KAZ,01/03/2017,234.8695652
KAZ,01/04/2017,235.6842105
KAZ,01/05/2017,230.0909091
KAZ,01/06/2017,246.4545455
KAZ,01/07/2017,254.95
KAZ,01/08/2017,241.1304348
KAZ,01/09/2017,223.5
KAZ,01/10/2017,213.8095238
KAZ,01/11/2017,208.4761905
KAZ,01/12/2017,191.9
KAZ,01/01/2018,176.2857143
KAZ,01/02/2018,181.9473684
KAZ,01/03/2018,194.2380952
KAZ,01/04/2018,198.952381
KAZ,01/05/2018,212.5909091
KAZ,01/06/2018,241.0952381
LBN,01/10/2015,435
LBN,01/11/2015,442.1578947
LBN,01/12/2015,442.2272727
LBN,01/01/2016,465.3684211
LBN,01/02/2016,497.9
LBN,01/03/2016,474.2272727
LBN,01/04/2016,476.1904762
LBN,01/05/2016,467.3333333
LBN,01/06/2016,498
LBN,01/07/2016,513.2
LBN,01/08/2016,504.5217391
LBN,01/09/2016,510.047619
LBN,01/10/2016,500.5
LBN,01/11/2016,501.9
LBN,01/12/2016,468.8095238
LBN,01/01/2017,429.65
LBN,01/02/2017,409.2105263
LBN,01/03/2017,395.4347826
LBN,01/04/2017,386.3157895
LBN,01/05/2017,394.6818182
LBN,01/06/2017,421.6818182
LBN,01/07/2017,438.95
LBN,01/08/2017,448.8695652
LBN,01/09/2017,448.55
LBN,01/10/2017,448.7142857
LBN,01/11/2017,531.4285714
LBN,01/12/2017,495.9
LBN,01/01/2018,428.1428571
LBN,01/02/2018,451.8421053
LBN,01/03/2018,454.7142857
LBN,01/04/2018,463.6666667
LBN,01/05/2018,574.4090909
LBN,01/06/2018,657.3809524
LTU,01/10/2015,112.8571429
LTU,01/11/2015,103.7368421
LTU,01/12/2015,104
LTU,01/01/2016,120
LTU,01/02/2016,139.2
LTU,01/03/2016,120.2272727
LTU,01/04/2016,118.2380952
LTU,01/05/2016,114.4761905
LTU,01/06/2016,120.9545455
LTU,01/07/2016,106.15
LTU,01/08/2016,92.04347826
LTU,01/09/2016,79.61904762
LTU,01/10/2016,76.55
LTU,01/11/2016,93.5
LTU,01/12/2016,104.7619048
LTU,01/01/2017,108.05
LTU,01/02/2017,108
LTU,01/03/2017,86.47826087
LTU,01/04/2017,82.84210526
LTU,01/05/2017,77.5
LTU,01/06/2017,62.59090909
LTU,01/07/2017,70.7
LTU,01/08/2017,70.73913043
LTU,01/09/2017,57.85
LTU,01/10/2017,43.76190476
LTU,01/11/2017,35.95238095
LTU,01/12/2017,29.95
LTU,01/01/2018,37.0952381
LTU,01/02/2018,55.05263158
LTU,01/03/2018,52.23809524
LTU,01/04/2018,48
LTU,01/05/2018,70
LTU,01/06/2018,68.0952381
MYS,01/10/2015,289.1904762
MYS,01/11/2015,227.8421053
MYS,01/12/2015,226.0454545
MYS,01/01/2016,237.8947368
MYS,01/02/2016,265.95
MYS,01/03/2016,229.9090909
MYS,01/04/2016,204.7142857
MYS,01/05/2016,222.047619
MYS,01/06/2016,229.5
MYS,01/07/2016,216.25
MYS,01/08/2016,214.8695652
MYS,01/09/2016,202.6190476
MYS,01/10/2016,196.65
MYS,01/11/2016,199.55
MYS,01/12/2016,202
MYS,01/01/2017,164.25
MYS,01/02/2017,138.4210526
MYS,01/03/2017,133.0869565
MYS,01/04/2017,147.5789474
MYS,01/05/2017,143.9545455
MYS,01/06/2017,138.4545455
MYS,01/07/2017,134.05
MYS,01/08/2017,137.5217391
MYS,01/09/2017,132.2
MYS,01/10/2017,117.7619048
MYS,01/11/2017,111.1428571
MYS,01/12/2017,109.15
MYS,01/01/2018,103.3333333
MYS,01/02/2018,106.7894737
MYS,01/03/2018,114
MYS,01/04/2018,120.1904762
MYS,01/05/2018,138.9545455
MYS,01/06/2018,150.1428571
MEX,01/10/2015,278.2857143
MEX,01/11/2015,274.0526316
MEX,01/12/2015,310.9090909
MEX,01/01/2016,353
MEX,01/02/2016,371.65
MEX,01/03/2016,312.6363636
MEX,01/04/2016,294.5714286
MEX,01/05/2016,296.952381
MEX,01/06/2016,303.8181818
MEX,01/07/2016,276.3
MEX,01/08/2016,266.0434783
MEX,01/09/2016,276.2380952
MEX,01/10/2016,272.05
MEX,01/11/2016,316.9
MEX,01/12/2016,301.8571429
MEX,01/01/2017,304.85
MEX,01/02/2017,281.9473684
MEX,01/03/2017,263.0434783
MEX,01/04/2017,259.4210526
MEX,01/05/2017,247.6818182
MEX,01/06/2017,251.7727273
MEX,01/07/2017,248.1
MEX,01/08/2017,244.0869565
MEX,01/09/2017,241.25
MEX,01/10/2017,242.7142857
MEX,01/11/2017,245.0952381
MEX,01/12/2017,241.85
MEX,01/01/2018,234.7142857
MEX,01/02/2018,233.1052632
MEX,01/03/2018,245.5238095
MEX,01/04/2018,245.3809524
MEX,01/05/2018,268.6818182
MEX,01/06/2018,292.6666667
MNG,01/10/2015,665
MNG,01/11/2015,677.1578947
MNG,01/12/2015,730.9090909
MNG,01/01/2016,846.4736842
MNG,01/02/2016,1131.3
MNG,01/03/2016,901.1363636
MNG,01/04/2016,876.9047619
MNG,01/05/2016,821.1428571
MNG,01/06/2016,821
MNG,01/07/2016,638.1
MNG,01/08/2016,689.9565217
MNG,01/09/2016,738.3809524
MNG,01/10/2016,646.75
MNG,01/11/2016,732.1
MNG,01/12/2016,702.1428571
MNG,01/01/2017,628.35
MNG,01/02/2017,603.8947368
MNG,01/03/2017,460
MNG,01/04/2017,455.1052632
MNG,01/05/2017,422.4090909
MNG,01/06/2017,444.0454545
MNG,01/07/2017,443.45
MNG,01/08/2017,416.5652174
MNG,01/09/2017,403.55
MNG,01/10/2017,370.952381
MNG,01/11/2017,348
MNG,01/12/2017,321.95
MNG,01/01/2018,278.047619
MNG,01/02/2018,286.2631579
MNG,01/03/2018,305.047619
MNG,01/04/2018,315.6666667
MNG,01/05/2018,357.1818182
MNG,01/06/2018,365.4761905
MAR,01/10/2015,242.6190476
MAR,01/11/2015,251.3684211
MAR,01/12/2015,265.1363636
MAR,01/01/2016,287.1578947
MAR,01/02/2016,287
MAR,01/03/2016,249.7272727
MAR,01/04/2016,246.7619048
MAR,01/05/2016,244.3809524
MAR,01/06/2016,255.7272727
MAR,01/07/2016,226.5
MAR,01/08/2016,203.6521739
MAR,01/09/2016,208.6666667
MAR,01/10/2016,196.55
MAR,01/11/2016,206.6
MAR,01/12/2016,208.7619048
MAR,01/01/2017,197.8
MAR,01/02/2017,192.7894737
MAR,01/03/2017,187.2608696
MAR,01/04/2017,192.5789474
MAR,01/05/2017,178.3181818
MAR,01/06/2017,177.8181818
MAR,01/07/2017,174.4
MAR,01/08/2017,166.2608696
MAR,01/09/2017,159.4
MAR,01/10/2017,163.4761905
MAR,01/11/2017,171.2380952
MAR,01/12/2017,153.15
MAR,01/01/2018,134.5238095
MAR,01/02/2018,148.2631579
MAR,01/03/2018,160.5238095
MAR,01/04/2018,166.4285714
MAR,01/05/2018,188.4090909
MAR,01/06/2018,198.9047619
NAM,01/10/2015,293.3333333
NAM,01/11/2015,287.3684211
NAM,01/12/2015,364.3181818
NAM,01/01/2016,426.3684211
NAM,01/02/2016,426.7
NAM,01/03/2016,372.2727273
NAM,01/04/2016,352.5238095
NAM,01/05/2016,352.5238095
NAM,01/06/2016,353.3636364
NAM,01/07/2016,302.9
NAM,01/08/2016,277.2173913
NAM,01/09/2016,268.5238095
NAM,01/10/2016,273.8
NAM,01/11/2016,281.6
NAM,01/12/2016,282.952381
NAM,01/01/2017,275.85
NAM,01/02/2017,252.4210526
NAM,01/03/2017,252.2608696
NAM,01/04/2017,276.6842105
NAM,01/05/2017,255.5909091
NAM,01/06/2017,255.3181818
NAM,01/07/2017,239.35
NAM,01/08/2017,241.0434783
NAM,01/09/2017,245.3
NAM,01/10/2017,238.4285714
NAM,01/11/2017,243.3809524
NAM,01/12/2017,232.85
NAM,01/01/2018,195.1904762
NAM,01/02/2018,212.2631579
NAM,01/03/2018,239.4285714
NAM,01/04/2018,229.7619048
NAM,01/05/2018,273.3636364
NAM,01/06/2018,312.6666667
NGA,01/10/2015,520.5714286
NGA,01/11/2015,508.2105263
NGA,01/12/2015,607.9545455
NGA,01/01/2016,675.0526316
NGA,01/02/2016,676.75
NGA,01/03/2016,600
NGA,01/04/2016,584.2857143
NGA,01/05/2016,562.7142857
NGA,01/06/2016,564.4545455
NGA,01/07/2016,514.2
NGA,01/08/2016,490.0434783
NGA,01/09/2016,483.7619048
NGA,01/10/2016,510.95
NGA,01/11/2016,530.45
NGA,01/12/2016,475.1904762
NGA,01/01/2017,412.85
NGA,01/02/2017,387.6315789
NGA,01/03/2017,358.6521739
NGA,01/04/2017,433.8947368
NGA,01/05/2017,411.7727273
NGA,01/06/2017,426.7727273
NGA,01/07/2017,427.35
NGA,01/08/2017,413.5217391
NGA,01/09/2017,402.4
NGA,01/10/2017,407.5714286
NGA,01/11/2017,399.6190476
NGA,01/12/2017,377.7
NGA,01/01/2018,370.047619
NGA,01/02/2018,386.4736842
NGA,01/03/2018,400.2380952
NGA,01/04/2018,386.2857143
NGA,01/05/2018,420.0454545
NGA,01/06/2018,478.0952381
PAK,01/10/2015,505.8095238
PAK,01/11/2015,500.4210526
PAK,01/12/2015,534.8181818
PAK,01/01/2016,558.8421053
PAK,01/02/2016,615.45
PAK,01/03/2016,527.1363636
PAK,01/04/2016,512.4285714
PAK,01/05/2016,512.1904762
PAK,01/06/2016,543.4090909
PAK,01/07/2016,508.35
PAK,01/08/2016,459.7391304
PAK,01/09/2016,448.2857143
PAK,01/10/2016,442.7
PAK,01/11/2016,411.4
PAK,01/12/2016,372.1428571
PAK,01/01/2017,345.8
PAK,01/02/2017,338.1578947
PAK,01/03/2017,341.173913
PAK,01/04/2017,346.8947368
PAK,01/05/2017,345.6818182
PAK,01/06/2017,326.9090909
PAK,01/07/2017,347.5
PAK,01/08/2017,346.6521739
PAK,01/09/2017,336.45
PAK,01/10/2017,333.3809524
PAK,01/11/2017,369.7142857
PAK,01/12/2017,353.3
PAK,01/01/2018,339.952381
PAK,01/02/2018,377.4736842
PAK,01/03/2018,421.4285714
PAK,01/04/2018,410.7142857
PAK,01/05/2018,447.7727273
PAK,01/06/2018,541
PAN,01/10/2015,207.8095238
PAN,01/11/2015,203.8947368
PAN,01/12/2015,216.2727273
PAN,01/01/2016,238.9473684
PAN,01/02/2016,253.45
PAN,01/03/2016,205.0454545
PAN,01/04/2016,201.047619
PAN,01/05/2016,205.5714286
PAN,01/06/2016,209.8636364
PAN,01/07/2016,189.3
PAN,01/08/2016,174.4782609
PAN,01/09/2016,172.047619
PAN,01/10/2016,162.15
PAN,01/11/2016,179.25
PAN,01/12/2016,179.3333333
PAN,01/01/2017,172.5
PAN,01/02/2017,157.1052632
PAN,01/03/2017,154.1304348
PAN,01/04/2017,156.4736842
PAN,01/05/2017,150.3181818
PAN,01/06/2017,151.9090909
PAN,01/07/2017,146.85
PAN,01/08/2017,145.4347826
PAN,01/09/2017,130.35
PAN,01/10/2017,124.6190476
PAN,01/11/2017,120.5714286
PAN,01/12/2017,117.45
PAN,01/01/2018,102.2380952
PAN,01/02/2018,112.4736842
PAN,01/03/2018,124.5238095
PAN,01/04/2018,130
PAN,01/05/2018,139.4090909
PAN,01/06/2018,149.1428571
PER,01/10/2015,226.0952381
PER,01/11/2015,218.7368421
PER,01/12/2015,236.4090909
PER,01/01/2016,266.3157895
PER,01/02/2016,281.7
PER,01/03/2016,226.9090909
PER,01/04/2016,210.047619
PER,01/05/2016,207.9047619
PER,01/06/2016,209.9090909
PER,01/07/2016,183.75
PER,01/08/2016,169.6086957
PER,01/09/2016,161.8571429
PER,01/10/2016,146.6
PER,01/11/2016,167.65
PER,01/12/2016,164.8095238
PER,01/01/2017,157.3
PER,01/02/2017,152.1052632
PER,01/03/2017,141.0869565
PER,01/04/2017,149.1578947
PER,01/05/2017,141.1818182
PER,01/06/2017,143.5
PER,01/07/2017,141.9
PER,01/08/2017,155.3913043
PER,01/09/2017,144
PER,01/10/2017,139.6190476
PER,01/11/2017,138.8095238
PER,01/12/2017,136.15
PER,01/01/2018,121.952381
PER,01/02/2018,132.1052632
PER,01/03/2018,146.6190476
PER,01/04/2018,145.2380952
PER,01/05/2018,157.5909091
PER,01/06/2018,163.3333333
PHL,01/10/2015,125.2380952
PHL,01/11/2015,116.1578947
PHL,01/12/2015,127.5
PHL,01/01/2016,132.0526316
PHL,01/02/2016,133.8
PHL,01/03/2016,108.9090909
PHL,01/04/2016,90.57142857
PHL,01/05/2016,97.38095238
PHL,01/06/2016,110.8636364
PHL,01/07/2016,97.65
PHL,01/08/2016,91.2173913
PHL,01/09/2016,98.19047619
PHL,01/10/2016,105.15
PHL,01/11/2016,112.1
PHL,01/12/2016,105.2857143
PHL,01/01/2017,92.85
PHL,01/02/2017,94.47368421
PHL,01/03/2017,96.30434783
PHL,01/04/2017,103.2631579
PHL,01/05/2017,100.2272727
PHL,01/06/2017,99.45454545
PHL,01/07/2017,94.75
PHL,01/08/2017,97.39130435
PHL,01/09/2017,93.3
PHL,01/10/2017,90.04761905
PHL,01/11/2017,97.71428571
PHL,01/12/2017,94.65
PHL,01/01/2018,82.76190476
PHL,01/02/2018,95
PHL,01/03/2018,99.80952381
PHL,01/04/2018,99.28571429
PHL,01/05/2018,111.0909091
PHL,01/06/2018,123.5238095
POL,01/10/2015,101.3809524
POL,01/11/2015,90.42105263
POL,01/12/2015,96.27272727
POL,01/01/2016,126.1052632
POL,01/02/2016,137.35
POL,01/03/2016,114.2727273
POL,01/04/2016,118
POL,01/05/2016,120.2380952
POL,01/06/2016,130.8636364
POL,01/07/2016,102.35
POL,01/08/2016,85.13043478
POL,01/09/2016,94.66666667
POL,01/10/2016,89.6
POL,01/11/2016,92.95
POL,01/12/2016,98.19047619
POL,01/01/2017,102.55
POL,01/02/2017,97.68421053
POL,01/03/2017,86.82608696
POL,01/04/2017,91
POL,01/05/2017,80.31818182
POL,01/06/2017,58.09090909
POL,01/07/2017,67.3
POL,01/08/2017,60.04347826
POL,01/09/2017,51.85
POL,01/10/2017,46.42857143
POL,01/11/2017,47.71428571
POL,01/12/2017,42.15
POL,01/01/2018,47.33333333
POL,01/02/2018,54.26315789
POL,01/03/2018,52.66666667
POL,01/04/2018,51.04761905
POL,01/05/2018,69.31818182
POL,01/06/2018,70.57142857
RUS,01/10/2015,311.8571429
RUS,01/11/2015,269.0526316
RUS,01/12/2015,290.1818182
RUS,01/01/2016,330.5789474
RUS,01/02/2016,329.55
RUS,01/03/2016,279.4545455
RUS,01/04/2016,268.0952381
RUS,01/05/2016,250.7619048
RUS,01/06/2016,245.2727273
RUS,01/07/2016,232.8
RUS,01/08/2016,226.826087
RUS,01/09/2016,212
RUS,01/10/2016,220.5
RUS,01/11/2016,217.2
RUS,01/12/2016,187.1428571
RUS,01/01/2017,177.45
RUS,01/02/2017,165.6842105
RUS,01/03/2017,156.6956522
RUS,01/04/2017,165.6315789
RUS,01/05/2017,159.1363636
RUS,01/06/2017,171.6363636
RUS,01/07/2017,175.15
RUS,01/08/2017,182.6521739
RUS,01/09/2017,176.75
RUS,01/10/2017,183.4761905
RUS,01/11/2017,185.1428571
RUS,01/12/2017,179.85
RUS,01/01/2018,163.9047619
RUS,01/02/2018,155.4736842
RUS,01/03/2018,171.3333333
RUS,01/04/2018,208.4285714
RUS,01/05/2018,215.2727273
RUS,01/06/2018,222.9047619
SEN,01/10/2015,545.1428571
SEN,01/11/2015,516.4210526
SEN,01/12/2015,575.3181818
SEN,01/01/2016,634.2105263
SEN,01/02/2016,632.05
SEN,01/03/2016,561
SEN,01/04/2016,552.3333333
SEN,01/05/2016,548.6666667
SEN,01/06/2016,568.7727273
SEN,01/07/2016,511.5
SEN,01/08/2016,458.0869565
SEN,01/09/2016,413.2857143
SEN,01/10/2016,404.35
SEN,01/11/2016,405.6
SEN,01/12/2016,402.1904762
SEN,01/01/2017,394.8
SEN,01/02/2017,383.9473684
SEN,01/03/2017,355.3043478
SEN,01/04/2017,354.2631579
SEN,01/05/2017,311.8181818
SEN,01/06/2017,311.9545455
SEN,01/07/2017,347.8
SEN,01/08/2017,340.8695652
SEN,01/09/2017,329.55
SEN,01/10/2017,311.0952381
SEN,01/11/2017,311.8095238
SEN,01/12/2017,293.5
SEN,01/01/2018,267.6190476
SEN,01/02/2018,292.3157895
SEN,01/03/2018,317.047619
SEN,01/04/2018,359.6666667
SEN,01/05/2018,405.3181818
SEN,01/06/2018,455.047619
ZAF,01/10/2015,328.3333333
ZAF,01/11/2015,328
ZAF,01/12/2015,392.4090909
ZAF,01/01/2016,456.2105263
ZAF,01/02/2016,449.8
ZAF,01/03/2016,401.9090909
ZAF,01/04/2016,370.1904762
ZAF,01/05/2016,377.2380952
ZAF,01/06/2016,357.0454545
ZAF,01/07/2016,299.5
ZAF,01/08/2016,273.6956522
ZAF,01/09/2016,283.4285714
ZAF,01/10/2016,295.25
ZAF,01/11/2016,290.7
ZAF,01/12/2016,274.4285714
ZAF,01/01/2017,259.05
ZAF,01/02/2017,244.1052632
ZAF,01/03/2017,245
ZAF,01/04/2017,282
ZAF,01/05/2017,259.8636364
ZAF,01/06/2017,268.0454545
ZAF,01/07/2017,281.8
ZAF,01/08/2017,270.173913
ZAF,01/09/2017,262.05
ZAF,01/10/2017,266.6666667
ZAF,01/11/2017,294.8571429
ZAF,01/12/2017,266.9
ZAF,01/01/2018,228.4761905
ZAF,01/02/2018,229.8421053
ZAF,01/03/2018,244.047619
ZAF,01/04/2018,244.2857143
ZAF,01/05/2018,267.4545455
ZAF,01/06/2018,296.9047619
LKA,01/10/2015,442.6666667
LKA,01/11/2015,459.3157895
LKA,01/12/2015,532.2272727
LKA,01/01/2016,575.3684211
LKA,01/02/2016,654.95
LKA,01/03/2016,544.3181818
LKA,01/04/2016,513.047619
LKA,01/05/2016,515.9047619
LKA,01/06/2016,509.5454545
LKA,01/07/2016,447.35
LKA,01/08/2016,389.1304348
LKA,01/09/2016,408.0952381
LKA,01/10/2016,399.25
LKA,01/11/2016,414.55
LKA,01/12/2016,418.3809524
LKA,01/01/2017,378.65
LKA,01/02/2017,376.4210526
LKA,01/03/2017,346.6521739
LKA,01/04/2017,344.2105263
LKA,01/05/2017,324.9545455
LKA,01/06/2017,336.3181818
LKA,01/07/2017,333.45
LKA,01/08/2017,301.7391304
LKA,01/09/2017,282.95
LKA,01/10/2017,267.1904762
LKA,01/11/2017,277.3809524
LKA,01/12/2017,271.55
LKA,01/01/2018,256.3809524
LKA,01/02/2018,289.8947368
LKA,01/03/2018,329
LKA,01/04/2018,327.5238095
LKA,01/05/2018,367.6363636
LKA,01/06/2018,396.6666667
TTO,01/10/2015,379.3809524
TTO,01/11/2015,323.3684211
TTO,01/12/2015,348.3636364
TTO,01/01/2016,404.9473684
TTO,01/02/2016,472.15
TTO,01/03/2016,439.8636364
TTO,01/04/2016,412.8571429
TTO,01/05/2016,398.2857143
TTO,01/06/2016,407.4545455
TTO,01/07/2016,364.65
TTO,01/08/2016,334.5652174
TTO,01/09/2016,267.5714286
TTO,01/10/2016,260.65
TTO,01/11/2016,278
TTO,01/12/2016,280.7619048
TTO,01/01/2017,266.55
TTO,01/02/2017,261.8421053
TTO,01/03/2017,248.7826087
TTO,01/04/2017,289.4736842
TTO,01/05/2017,280.8636364
TTO,01/06/2017,293.6818182
TTO,01/07/2017,272.9
TTO,01/08/2017,254.6956522
TTO,01/09/2017,243.85
TTO,01/10/2017,232.5714286
TTO,01/11/2017,223.952381
TTO,01/12/2017,201.95
TTO,01/01/2018,176.8095238
TTO,01/02/2018,170.6842105
TTO,01/03/2018,168.6666667
TTO,01/04/2018,165.1904762
TTO,01/05/2018,199.5
TTO,01/06/2018,224.7142857
TUN,01/10/2015,432.5238095
TUN,01/11/2015,465.8947368
TUN,01/12/2015,550.5909091
TUN,01/01/2016,614.0526316
TUN,01/02/2016,660.65
TUN,01/03/2016,590.1818182
TUN,01/04/2016,576.2380952
TUN,01/05/2016,559.8571429
TUN,01/06/2016,574.8636364
TUN,01/07/2016,515.4
TUN,01/08/2016,467.7391304
TUN,01/09/2016,442.2857143
TUN,01/10/2016,445.8
TUN,01/11/2016,464.55
TUN,01/12/2016,462.2857143
TUN,01/01/2017,420.8
TUN,01/02/2017,427.4736842
TUN,01/03/2017,428.5652174
TUN,01/04/2017,396.8947368
TUN,01/05/2017,395.1363636
TUN,01/06/2017,422.8636364
TUN,01/07/2017,430.85
TUN,01/08/2017,403.0869565
TUN,01/09/2017,386.15
TUN,01/10/2017,378.7619048
TUN,01/11/2017,360.3333333
TUN,01/12/2017,344.8
TUN,01/01/2018,329.9047619
TUN,01/02/2018,358.9473684
TUN,01/03/2018,403.4285714
TUN,01/04/2018,384.8095238
TUN,01/05/2018,440.6363636
TUN,01/06/2018,494
TUR,01/10/2015,294.5238095
TUR,01/11/2015,272.9473684
TUR,01/12/2015,294.4090909
TUR,01/01/2016,319.6315789
TUR,01/02/2016,334.35
TUR,01/03/2016,301.8181818
TUR,01/04/2016,282.3333333
TUR,01/05/2016,304.047619
TUR,01/06/2016,302.2272727
TUR,01/07/2016,307.2
TUR,01/08/2016,312.0869565
TUR,01/09/2016,311.3809524
TUR,01/10/2016,313.7
TUR,01/11/2016,357.5
TUR,01/12/2016,365.6666667
TUR,01/01/2017,362.85
TUR,01/02/2017,329
TUR,01/03/2017,319.3478261
TUR,01/04/2017,302.8421053
TUR,01/05/2017,287.9545455
TUR,01/06/2017,289.8181818
TUR,01/07/2017,293.05
TUR,01/08/2017,280.3043478
TUR,01/09/2017,282
TUR,01/10/2017,290.8095238
TUR,01/11/2017,324.2380952
TUR,01/12/2017,298.35
TUR,01/01/2018,280.047619
TUR,01/02/2018,289.4736842
TUR,01/03/2018,310.047619
TUR,01/04/2018,317.8095238
TUR,01/05/2018,379.1818182
TUR,01/06/2018,420.3333333
UKR,01/10/2015,1370.809524
UKR,01/11/2015,915.4736842
UKR,01/12/2015,784.5454545
UKR,01/01/2016,802.0526316
UKR,01/02/2016,916.9
UKR,01/03/2016,848.2727273
UKR,01/04/2016,811.7619048
UKR,01/05/2016,774.6190476
UKR,01/06/2016,754.1363636
UKR,01/07/2016,701
UKR,01/08/2016,706.0434783
UKR,01/09/2016,700.6666667
UKR,01/10/2016,703.9
UKR,01/11/2016,738.85
UKR,01/12/2016,692.1904762
UKR,01/01/2017,635.5
UKR,01/02/2017,652.4736842
UKR,01/03/2017,666.8695652
UKR,01/04/2017,672.2105263
UKR,01/05/2017,597.1818182
UKR,01/06/2017,586.3181818
UKR,01/07/2017,564.15
UKR,01/08/2017,543.6956522
UKR,01/09/2017,468.15
UKR,01/10/2017,455.9047619
UKR,01/11/2017,467.7619048
UKR,01/12/2017,459.95
UKR,01/01/2018,395.0952381
UKR,01/02/2018,412.2105263
UKR,01/03/2018,443.6666667
UKR,01/04/2018,450.047619
UKR,01/05/2018,496.5454545
UKR,01/06/2018,547.4761905
URY,01/10/2015,271.2857143
URY,01/11/2015,270.6842105
URY,01/12/2015,278.3636364
URY,01/01/2016,310
URY,01/02/2016,329.6
URY,01/03/2016,279.0454545
URY,01/04/2016,266.6666667
URY,01/05/2016,268.3809524
URY,01/06/2016,273.4090909
URY,01/07/2016,252.1
URY,01/08/2016,231.9565217
URY,01/09/2016,230.952381
URY,01/10/2016,229.1
URY,01/11/2016,244.05
URY,01/12/2016,243.8095238
URY,01/01/2017,229.95
URY,01/02/2017,219.3157895
URY,01/03/2017,214.5652174
URY,01/04/2017,207.6842105
URY,01/05/2017,203.7727273
URY,01/06/2017,195.2727273
URY,01/07/2017,185.35
URY,01/08/2017,183.2608696
URY,01/09/2017,170
URY,01/10/2017,159.3809524
URY,01/11/2017,153.2857143
URY,01/12/2017,145.85
URY,01/01/2018,135.4761905
URY,01/02/2018,144.7368421
URY,01/03/2018,155.5238095
URY,01/04/2018,165.4285714
URY,01/05/2018,187.4545455
URY,01/06/2018,195.3333333
VEN,01/10/2015,2850.52381
VEN,01/11/2015,2598.736842
VEN,01/12/2015,2730.954545
VEN,01/01/2016,3400.210526
VEN,01/02/2016,3581.3
VEN,01/03/2016,3144.181818
VEN,01/04/2016,3122.380952
VEN,01/05/2016,2905.428571
VEN,01/06/2016,2779
VEN,01/07/2016,2552.4
VEN,01/08/2016,2540.043478
VEN,01/09/2016,2316.285714
VEN,01/10/2016,2155.5
VEN,01/11/2016,2296.95
VEN,01/12/2016,2171.333333
VEN,01/01/2017,2088.9
VEN,01/02/2017,2064.894737
VEN,01/03/2017,2125.869565
VEN,01/04/2017,2239.789474
VEN,01/05/2017,2241.227273
VEN,01/06/2017,2435.363636
VEN,01/07/2017,2616.35
VEN,01/08/2017,3022.173913
VEN,01/09/2017,3110.25
VEN,01/10/2017,3162.428571
VEN,01/11/2017,4279.428571
VEN,01/12/2017,4748.6
VEN,01/01/2018,4892.904762
VEN,01/02/2018,4777.421053
VEN,01/03/2018,4307.714286
VEN,01/04/2018,4237
VEN,01/05/2018,4464.363636
VEN,01/06/2018,4711.047619
VNM,01/10/2015,289.5714286
VNM,01/11/2015,287.1052632
VNM,01/12/2015,286.4090909
VNM,01/01/2016,317.2631579
VNM,01/02/2016,333.5
VNM,01/03/2016,278.6363636
VNM,01/04/2016,275.6666667
VNM,01/05/2016,261
VNM,01/06/2016,276.3636364
VNM,01/07/2016,245.05
VNM,01/08/2016,202.5652174
VNM,01/09/2016,221.2380952
VNM,01/10/2016,214.25
VNM,01/11/2016,227.7
VNM,01/12/2016,248.8571429
VNM,01/01/2017,222.75
VNM,01/02/2017,211
VNM,01/03/2017,202.9130435
VNM,01/04/2017,211.3684211
VNM,01/05/2017,195.1818182
VNM,01/06/2017,182.8636364
VNM,01/07/2017,171.35
VNM,01/08/2017,167.826087
VNM,01/09/2017,151.5
VNM,01/10/2017,130.4761905
VNM,01/11/2017,132.2857143
VNM,01/12/2017,121.85
VNM,01/01/2018,107.2857143
VNM,01/02/2018,140.6842105
VNM,01/03/2018,147.047619
VNM,01/04/2018,149.0952381
VNM,01/05/2018,157.4545455
VNM,01/06/2018,175.8095238
ZMB,01/10/2015,976.7619048
ZMB,01/11/2015,888.5789474
ZMB,01/12/2015,987.4545455
ZMB,01/01/2016,1207.210526
ZMB,01/02/2016,1278.3
ZMB,01/03/2016,1065.681818
ZMB,01/04/2016,993.952381
ZMB,01/05/2016,1031.095238
ZMB,01/06/2016,992.2272727
ZMB,01/07/2016,887.95
ZMB,01/08/2016,780.9565217
ZMB,01/09/2016,717.3809524
ZMB,01/10/2016,714.9
ZMB,01/11/2016,733.25
ZMB,01/12/2016,673.6666667
ZMB,01/01/2017,635.85
ZMB,01/02/2017,598.8421053
ZMB,01/03/2017,552.7391304
ZMB,01/04/2017,583.9473684
ZMB,01/05/2017,533.5454545
ZMB,01/06/2017,536.4090909
ZMB,01/07/2017,557.35
ZMB,01/08/2017,534.9130435
ZMB,01/09/2017,519.45
ZMB,01/10/2017,503.8571429
ZMB,01/11/2017,491.6666667
ZMB,01/12/2017,443.35
ZMB,01/01/2018,413.7619048
ZMB,01/02/2018,448.6315789
ZMB,01/03/2018,501.4285714
ZMB,01/04/2018,493.7619048
ZMB,01/05/2018,641.0909091
ZMB,01/06/2018,772.952381
